"Email","Company","Website","On-Domain"
"info@anyword.com","Anyword","anyword.com","yes"
"support@fireflies.ai","Fireflies","fireflies.ai","yes"
"sales@synthesia.io","Synthesia","synthesia.io","yes"
"support@heygen.com","Heygen","heygen.com","yes"
"support@murf.ai","Murf","murf.ai","yes"
"press@runwayml.com","Runwayml","runwayml.com","yes"
"support@pika.art","Pika","pika.art","yes"
"press@stability.ai","Stability","stability.ai","yes"
"support@beautiful.ai","Beautiful","beautiful.ai","yes"
"support@taskade.com","Taskade","taskade.com","yes"
"support@monday.com","Monday","monday.com","yes"
"x@mail.asana.com","Asana","asana.com","yes"
"hello@linear.app","Linear","linear.app","yes"
"hello@plane.so","Plane","plane.so","yes"
"jason@basecamp.com","Basecamp","basecamp.com","yes"
"team@niftypm.com","Niftypm","niftypm.com","yes"
"feedback@craft.do","Craft","craft.do","yes"
"press@grammarly.com","Coda","coda.io","no"
"new@fibery.io","Fibery","fibery.io","yes"
"support@rows.com","Rows","rows.com","yes"
"tos@substackinc.com","Substack","substack.com","no"
"support@ghost.org","Ghost","ghost.org","yes"
"support@postwise.ai","Postwise","postwise.ai","yes"
"sales@lately.ai","Lately","lately.ai","yes"
"support@contentstudio.io","Contentstudio","contentstudio.io","yes"
"hello@socialbee.com","Socialbee","socialbee.com","yes"
"hey@pallyy.com","Pallyy","pallyy.com","yes"
"support@meetedgar.com","Meetedgar","meetedgar.com","yes"
"unifiedpartners@sprinklr.com","Sprinklr","sprinklr.com","yes"
"info@sproutsocial.com","Sproutsocial","sproutsocial.com","yes"
"press@emplifi.io","Emplifi","emplifi.io","yes"
"help@brand24.com","Brand24","brand24.com","yes"
"privacy@meltwater.com","Meltwater","meltwater.com","yes"
"mail@semrush.com","Semrush","semrush.com","yes"
"support@ahrefs.com","Ahrefs","ahrefs.com","yes"
"support@surferseo.com","Surferseo","surferseo.com","yes"
"support@tidio.net","Tidio","tidio.com","no"
"marketing@gladly.com","Gladly","gladly.com","yes"
"support@kustomer.com","Kustomer","kustomer.com","yes"
"friends@dixa.com","Dixa","dixa.com","yes"
"support@reamaze.com","Reamaze","reamaze.com","yes"
"sales@hiverhq.com","Hiverhq","hiverhq.com","yes"
"press@intercom.com","Intercom","intercom.com","yes"
"support@text.com","Livechat","livechat.com","no"
"support@lime-connect.com","Userlike","userlike.com","no"
"support@tawk.to","Tawk","tawk.to","yes"
"support@kommunicate.io","Kommunicate","kommunicate.io","yes"
"team@chatfuel.com","Chatfuel","chatfuel.com","yes"
"hi@botsify.com","Botsify","botsify.com","yes"
"support@flowxo.com","Flowxo","flowxo.com","yes"
"braden@voiceflow.com","Voiceflow","voiceflow.com","yes"
"support@rasa.com","Rasa","rasa.com","yes"
"info@moveo.ai","Moveo","moveo.ai","yes"
"info@forethought.ai","Forethought","forethought.ai","yes"
"hello@yuma.ai","Yuma","yuma.ai","yes"
"support@smartsupp.com","Smartsupp","smartsupp.com","yes"
"support@olark.com","Olark","olark.com","yes"
"support@purechat.com","Purechat","purechat.com","yes"
"ask.philippines@zendesk.com","Zendesk","zendesk.com","yes"
"visitors@pipedrive.com","Pipedrive","pipedrive.com","yes"
"folks@folk.app","Folk","folk.app","yes"
"contact@getdex.com","Getdex","getdex.com","yes"
"support@clay.com","Clay","clay.com","yes"
"press@apollo.io","Apollo","apollo.io","yes"
"legalsupport@meesho.com","Meesho","meesho.com","yes"
"support@mamaearth.in","Mamaearth","mamaearth.in","yes"
"info@imaginemarketingindia.com","Boat Lifestyle","boat-lifestyle.com","no"
"hello@sugarcosmetics.com","Sugarcosmetics","in.sugarcosmetics.com","yes"
"woot@mcaffeine.com","Mcaffeine","mcaffeine.com","yes"
"help@beminimalist.co","Beminimalist","beminimalist.co","yes"
"hello@plumgoodness.com","Plumgoodness","plumgoodness.com","yes"
"care@dotandkey.com","Dotandkey","dotandkey.com","yes"
"care@thedermaco.com","Thedermaco","thedermaco.com","yes"
"care@reequil.com","Reequil","reequil.com","yes"
"sales@juicychemistry.com","Juicychemistry","juicychemistry.com","yes"
"shop@bellavitaorganic.com","Bellavitaorganic","bellavitaorganic.com","yes"
"support@beardo.in","Beardo","beardo.in","yes"
"support@manmatters.com","Manmatters","manmatters.com","yes"
"support@vedix.com","Vedix","vedix.com","yes"
"customercare@traya.health","Traya","traya.health","yes"
"care@themancompany.com","Themancompany","themancompany.com","yes"
"help@ustraa.com","Ustraa","ustraa.com","yes"
"support@skinkraft.com","Skinkraft","skinkraft.com","yes"
"hello@cureskin.com","Cureskin","cureskin.com","yes"
"care@wellbeingnutrition.com","Wellbeingnutrition","wellbeingnutrition.com","yes"
"community@oziva.in","Oziva","oziva.in","yes"
"support@nykaafashion.com","Nykaafashion","nykaafashion.com","yes"
"care@bewakoof.com","Bewakoof","bewakoof.com","yes"
"no-reply-order@snitch.co.in","Co","snitch.co.in","yes"
"cs@pepperfry.com","Pepperfry","pepperfry.com","yes"
"hello@urbanladder.com","Urbanladder","urbanladder.com","yes"
"info@sleepycat.in","Sleepycat","sleepycat.in","yes"
"hello@sundayrest.com","Sundayrest","sundayrest.com","yes"
"support@emma-sleep.in","Emma Sleep","emma-sleep.in","yes"
"info@nestasia.in","Nestasia","nestasia.in","yes"
"care@woodenstreet.com","Woodenstreet","woodenstreet.com","yes"
"partnerships@nexxbase.com","Gonoise","gonoise.com","no"
"support@zebronics.com","Zebronics","zebronics.com","yes"
"info@stagheaddesigns.com","Portronics","portronics.com","no"
"support@antesports.com","Antesports","antesports.com","yes"
"care@ambraneindia.com","Ambraneindia","ambraneindia.com","yes"
"contact@atomberg.com","Atomberg","atomberg.com","yes"
"info@prestigesystems.in","Prestigesmarthome","prestigesmarthome.com","no"
"customercare@havells.com","Havells","havells.com","yes"
"onepluscare@oneplus.com","Oneplus","oneplus.in","no"
"contact@vutvs.com","Vutvs","vutvs.com","yes"
"indiasupport@tcl.com","Tcl","tcl.com","yes"
"orderstatus1@lenovo.com","Lenovo","lenovo.com","yes"
"support@practo.com","Practo","practo.com","yes"
"support@mfine.co","Mfine","mfine.co","yes"
"care@pharmeasy.in","Pharmeasy","pharmeasy.in","yes"
"cs@netmeds.com","Netmeds","netmeds.com","yes"
"helpdesk@apollo247.com","Apollo247","apollo247.com","yes"
"bookings@portea.com","Portea","portea.com","yes"
"cs@healthians.com","Healthians","healthians.com","yes"
"care@redcliffelabs.com","Redcliffelabs","redcliffelabs.com","yes"
"hello@cult.fit","Cure","cure.fit","no"
"support@healthifyme.com","Healthifyme","healthifyme.com","yes"
"hello@cult.fit","Cult","cult.fit","yes"
"contact@niramai.com","Niramai","niramai.com","yes"
"support@tricog.com","Tricog","tricog.com","yes"
"partner@qure.ai","Qure","qure.ai","yes"
"info@sigtuple.com","Sigtuple","sigtuple.com","yes"
"contact@darwinbox.com","Darwinbox","darwinbox.com","yes"
"support@keka.com","Keka","keka.com","yes"
"info@greytip.com","Greythr","greythr.com","no"
"connect@hrone.cloud","Hrone","hrone.cloud","yes"
"help@sumhr.com","Sumhr","sumhr.com","yes"
"hello@kredily.com","Kredily","kredily.com","yes"
"support@pockethrms.com","Pockethrms","pockethrms.com","yes"
"sales@hrmantra.com","Hrmantra","hrmantra.com","yes"
"support@zimyo.com","Zimyo","zimyo.com","yes"
"support@leena.ai","Leena","leena.ai","yes"
"help@workindia.in","Workindia","workindia.in","yes"
"support@apna.co","Apna","apna.co","yes"
"support@internshala.com","Internshala","internshala.com","yes"
"cs@cutshort.io","Cutshort","cutshort.io","yes"
"hello@iimjobs.com","Iimjobs","iimjobs.com","yes"
"contact@imocha.io","Interviewmocha","interviewmocha.com","no"
"contact@mettl.com","Mettl","mettl.com","yes"
"support@hackerearth.com","Hackerearth","hackerearth.com","yes"
"support@karat.com","Karat","karat.com","yes"
"hello@betterplace.co.in","Co","betterplace.co.in","yes"
"help@unacademy.com","Unacademy","unacademy.com","yes"
"vcare@vedantu.com","Vedantu","vedantu.com","yes"
"support@pw.live","Pw","pw.live","yes"
"wecare@allen.in","Doubtnut","doubtnut.com","no"
"info@extramarks.com","Extramarks","extramarks.com","yes"
"info@emeritus.org","Eruditus","eruditus.com","no"
"customercare@upgrad.com","Upgrad","upgrad.com","yes"
"customersuccess@simplilearn.net","Simplilearn","simplilearn.com","no"
"info@mygreatlearning.com","Mygreatlearning","mygreatlearning.com","yes"
"admissions@masaischool.com","Masaischool","masaischool.com","yes"
"hello@scaler.com","Scaler","scaler.com","yes"
"contact@codingninjas.com","Codingninjas","codingninjas.com","yes"
"support@newtonschool.co","Newtonschool","newtonschool.co","yes"
"contacts@learnbay.co","Learnbay","learnbay.co","yes"
"hello@herovired.com","Herovired","herovired.com","yes"
"support@testbook.com","Testbook","testbook.com","yes"
"support@adda247.com","Adda247","adda247.com","yes"
"support@edurev.in","Edurev","edurev.in","yes"
"support@toprankers.com","Toprankers","toprankers.com","yes"
"social@iide.co","Iide","iide.co","yes"
"info@digitalvidya.com","Digitalvidya","digitalvidya.com","yes"
"support@wscubetech.com","Wscubetech","wscubetech.com","yes"
"help@skillshare.com","Skillshare","skillshare.com","yes"
"media@udacity.com","Udacity","udacity.com","yes"
"security@classdojo.com","Classdojo","classdojo.com","yes"
"contact@pratilipi.com","Pratilipi","pratilipi.com","yes"
"admin@storymirror.com","Storymirror","storymirror.com","yes"
"care@cashfree.com","Cashfree","cashfree.com","yes"
"contact@ccavenue.com","Ccavenue","ccavenue.com","yes"
"support@instamojo.com","Instamojo","instamojo.com","yes"
"onboarding.support@paytmpayments.com","Paytm","business.paytm.com","no"
"biz@juspay.in","Juspay","juspay.in","yes"
"sales@setu.co","Setu","setu.co","yes"
"info@perfios.com","Perfios","perfios.com","yes"
"connect@signzy.com","Signzy","signzy.com","yes"
"sales@bureau.id","Bureau","bureau.id","yes"
"support@digio.in","Digio","digio.in","yes"
"support@leegality.com","Leegality","leegality.com","yes"
"help@siliconveins.com","Bizanalyst","bizanalyst.in","no"
"feedback@khatabook.com","Khatabook","khatabook.com","yes"
"contact@okcredit.in","Okcredit","okcredit.in","yes"
"support@enkash.com","Enkash","enkash.com","yes"
"help@happay.com","Happay","happay.com","yes"
"care@zaggle.in","Zaggle","zaggle.in","yes"
"hello@fi.money","Fi","fi.money","yes"
"contact@jupiter.money","Jupiter","jupiter.money","yes"
"info@niyo.co","Niyo","niyo.co","yes"
"hello@moneytap.com","Moneytap","moneytap.com","yes"
"support@cashe.co.in","Co","cashe.co.in","yes"
"wecare@lazypay.in","Lazypay","lazypay.in","yes"
"help@zestmoney.in","Zestmoney","zestmoney.in","yes"
"care@kissht.com","Kissht","kissht.com","yes"
"grievance.officer@stashfin.com","Stashfin","stashfin.com","yes"
"cs.fintech@loantap.in","Loantap","loantap.in","yes"
"care@lendingkart.com","Lendingkart","lendingkart.com","yes"
"support@flexiloans.com","Flexiloans","flexiloans.com","yes"
"sales@indifi.com","Indifi","indifi.com","yes"
"contact@rupifi.com","Rupifi","rupifi.com","yes"
"customer@banksathi.com","Banksathi","banksathi.com","yes"
"care@paisabazaar.com","Paisabazaar","paisabazaar.com","yes"
"care@policybazaar.com","Policybazaar","policybazaar.com","yes"
"help@coverfox.com","Coverfox","coverfox.com","yes"
"hello@acko.com","Acko","acko.com","yes"
"hello@godigit.com","Godigit","godigit.com","yes"
"support@turtlemint.com","Turtlemint","turtlemint.com","yes"
"support@insurancedekho.com","Insurancedekho","insurancedekho.com","yes"
"info@loophealth.com","Loophealth","loophealth.com","yes"
"connect@plumhq.com","Plumhq","plumhq.com","yes"
"support@nova-benefits.com","Novabenefits","novabenefits.com","no"
"support@groww.in","Groww","groww.in","yes"
"support@upstox.com","Upstox","upstox.com","yes"
"support@angelone.in","Angelone","angelone.in","yes"
"support@5paisa.com","5paisa","5paisa.com","yes"
"compliance@fisdom.com","Fisdom","fisdom.com","yes"
"support@smallcase.com","Smallcase","smallcase.com","yes"
"help@dhan.co","Dhan","dhan.co","yes"
"support@fyers.in","Fyers","fyers.in","yes"
"support@samco.in","Samco","samco.in","yes"
"exg.support@paytmmoney.com","Paytmmoney","paytmmoney.com","yes"
"po@etmoney.com","Etmoney","etmoney.com","yes"
"partner.support@wealthy.in","Wealthy","wealthy.in","yes"
"help@scripbox.com","Scripbox","scripbox.com","yes"
"assist@nobroker.in","Nobroker","nobroker.in","yes"
"support@housing.com","Housing","housing.com","yes"
"services@99acres.com","99acres","99acres.com","yes"
"connect@squareyards.com","Squareyards","squareyards.com","yes"
"customer.service@proptiger.com","Proptiger","proptiger.com","yes"
"help@nestaway.com","Nestaway","nestaway.com","yes"
"operations@stanzaliving.com","Stanzaliving","stanzaliving.com","yes"
"info@zolostays.com","Zolostays","zolostays.com","yes"
"guestsupport.na@oyorooms.com","Oyorooms","oyorooms.com","yes"
"hello@treebohotels.com","Treebo","treebo.com","no"
"support@fabhotels.com","Fabhotels","fabhotels.com","yes"
"hello@settlin.in","Settl","settl.in","no"
"sales@adda.io","Apartmentadda","apartmentadda.com","no"
"contact@mygate.com","Mygate","mygate.com","yes"
"investors@prestigeconstructions.com","Prestigeconstructions","prestigeconstructions.com","yes"
"marketing@sobha.com","Sobha","sobha.com","yes"
"here4you@brigadegroup.com","Brigadegroup","brigadegroup.com","yes"
"info@mahindralifespaces.com","Mahindralifespaces","mahindralifespaces.com","yes"
"homes@larsentoubro.com","Lntrealty","lntrealty.com","no"
"sales@puravankara.com","Puravankara","puravankara.com","yes"
"sales@koltepatil.com","Koltepatil","koltepatil.com","yes"
"sales@hiranandani.net","Hiranandani","hiranandani.com","no"
"service.support@lodhagroup.com","Lodhagroup","lodhagroup.in","no"
"info@dlf.in","Dlf","dlf.in","yes"
"sales@m3mindia.com","M3mindia","m3mindia.com","yes"
"info@signatureglobal.in","Signatureglobal","signatureglobal.in","yes"
"mail@omaxe.com","Omaxe","omaxe.com","yes"
"tatacare@tatahousing.com","Tatahousing","tatahousing.in","no"
"ir@oberoirealty.com","Oberoirealty","oberoirealty.com","yes"
"customersupport@housr.in","Housr","housr.in","yes"
"info@your-space.in","Your Space","your-space.in","yes"
"info@rentofly.com","Rentofly","rentofly.com","yes"
"jo@rentomojo.com","Rentomojo","rentomojo.com","yes"
"support@olaelectric.com","Olaelectric","olaelectric.com","yes"
"customercare@atherenergy.com","Atherenergy","atherenergy.com","yes"
"contact@revoltmotors.com","Revoltmotors","revoltmotors.com","yes"
"care@simpleenergy.in","Simpleenergy","simpleenergy.in","yes"
"support@ultraviolette.com","Ultraviolette","ultraviolette.com","yes"
"info@kabiramobility.com","Kabiramobility","kabiramobility.com","yes"
"help@theporter.in","Porter","porter.in","no"
"hello@shadowfax.in","Shadowfax","shadowfax.in","yes"
"support@zeptonow.com","Zeptonow","zeptonow.com","yes"
"customercare@freshtohome.com","Freshtohome","freshtohome.com","yes"
"connect@wolkus.com","Fasal","fasal.co","no"
"info@satsure.co","Satsure","satsure.co","yes"
"grievance.committee@stellapps.com","Stellapps","stellapps.com","yes"
"info@aquaconnect.blue","Aquaconnect","aquaconnect.blue","yes"
"hello@intellolabs.com","Intellolabs","intellolabs.com","yes"
"admin@farmeasy.co","Farmeasy","farmeasy.co","yes"
"info@kisaantrade.com","Kisaantrade","kisaantrade.com","yes"
"inquiry@petpooja.com","Petpooja","petpooja.com","yes"
"support@posist.com","Posist","posist.com","yes"
"info@restroworks.com","Restroworks","restroworks.com","yes"
"support@urbanpiper.com","Urbanpiper","urbanpiper.com","yes"
"hello@eatclub.in","Eatclub","eatclub.in","yes"
"info@rebelfoods.com","Rebelfoods","rebelfoods.com","yes"
"talk@box8.in","Box8","box8.in","yes"
"contact@biryanibykilo.com","Biryanibykilo","biryanibykilo.com","yes"
"help@behrouzbiryani.com","Behrouzbiryani","behrouzbiryani.com","yes"
"help@sleepyowl.co","Sleepyowl","sleepyowl.co","yes"
"getcoffee@bluetokaicoffee.com","Bluetokaicoffee","bluetokaicoffee.com","yes"
"help@vahdam.com","Vahdam","vahdam.com","yes"
"bazaar@chaayos.com","Chaayos","chaayos.com","yes"
"hfl@heritagefoods.in","Heritagefoods","heritagefoods.in","yes"
"cc@baidyanath.com","Baidyanath","baidyanath.com","yes"
"care@bikaji.com","Bikaji","bikaji.com","yes"
"feedback@britindia.com","Co","britannia.co.in","no"
"orders@thirdwavecoffee.in","Thirdwavecoffee","thirdwavecoffee.in","yes"
"support@zappfresh.com","Zappfresh","zappfresh.com","yes"
"helpdesk@gamezop.com","Gamezop","gamezop.com","yes"
"care@zupee.com","Zupee","zupee.com","yes"
"support@rummycircle.com","Rummycircle","rummycircle.com","yes"
"info@adda52.com","Adda52","adda52.com","yes"
"info@pokerbaazi.com","Pokerbaazi","pokerbaazi.com","yes"
"support@rooter.io","Rooter","rooter.gg","no"
"support@mxplayer.in","Mxplayer","mxplayer.in","yes"
"help@sonyliv.com","Sonyliv","sonyliv.com","yes"
"support.in@zee5.com","Zee5","zee5.com","yes"
"support@erosnow.com","Erosnow","erosnow.com","yes"
"yourfriends@myjosh.in","Myjosh","share.myjosh.in","yes"
"grievance@sharechat.co","Sharechat","sharechat.com","no"
"info@matrubharti.com","Matrubharti","matrubharti.com","yes"
"help@newspoint.com","Newspoint","newspoint.com","yes"
"grievance.officer@gameskraft.com","Gameskraft","gameskraft.com","yes"
"support@kukufm.com","Kukufm","kukufm.com","yes"
"info@postman.com","Postman","postman.com","yes"
"sales@appsmith.com","Appsmith","appsmith.com","yes"
"hello@tooljet.com","Tooljet","tooljet.com","yes"
"inquiries@dronahq.com","Dronahq","dronahq.com","yes"
"contact@superblocks.com","Superblocks","superblocks.com","yes"
"support@retool.com","Retool","retool.com","yes"
"legal@supabase.com","Supabase","supabase.com","yes"
"team@railway.com","Railway","railway.app","no"
"support@render.com","Render","render.com","yes"
"fraud@netlify.com","Netlify","netlify.com","yes"
"support@gumlet.com","Gumlet","gumlet.com","yes"
"support@cloudinary.com","Cloudinary","cloudinary.com","yes"
"support@imagekit.io","Imagekit","imagekit.io","yes"
"hello@uploadcare.com","Uploadcare","uploadcare.com","yes"
"support@filestack.com","Filestack","filestack.com","yes"
"hello@transloadit.com","Transloadit","transloadit.com","yes"
"hello@bytescale.com","Bytescale","bytescale.com","yes"
"support@sirv.com","Sirv","sirv.com","yes"
"support@quickheal.co.in","Co","quickheal.co.in","yes"
"support@seqrite.com","Seqrite","seqrite.com","yes"
"support@escanav.com","Escanav","escanav.com","yes"
"analystrelations@tatacommunications.com","Tatacommunications","tatacommunications.com","yes"
"investor.relations@techmahindra.com","Techmahindra","techmahindra.com","yes"